page,date,status,diff
https://ised-isde.canada.ca/site/ised/en/canadas-regional-development-agencies,2025-04-03 13:53:25,SIGNIFICANT CHANGE!,"                                                                                                                                                         <span style='color: red;'> -<b style='color: black;'>504</b> Gateway Time-out</span><br><span style='color: red;'> -The server didn't respond in time.</span><br><span style='color: green;'>+Canada's Regional Development Agencies</span><br><span style='color: green;'>+From:</span><br><span style='color: green;'>+Innovation, Science and Economic Development Canada</span><br><span style='color: green;'>+Canada's regional development agencies (RDA) are providing $<b style='color: black;'>50</b> million through the Regional Homebuilding Innovation Initiative to help businesses enhance homebuilding supply chains and advance innovation in the residential construction sector. Part of</span><br><span style='color: green;'>+Canada's Housing Plan</span><br><span style='color: green;'>+, these investments will help change the way houses are built across the country, helping give more Canadians a place to call home, faster.</span><br><span style='color: green;'>+Canada's Regional Development Agencies (RDA) work closely with businesses and innovators in their regions to fuel economic growth that creates more well-paying middle-class jobs for Canadians.</span><br><span style='color: green;'>+Canada's regional development agencies (RDA) are a key part of the Government of Canada's</span><br><span style='color: green;'>+Innovation and Skills Plan</span><br><span style='color: green;'>+, advancing and diversifying our regional economies and helping communities thrive. There are seven RDAs across Canada:</span><br><span style='color: green;'>+Atlantic Canada Opportunities Agency (ACOA)</span><br><span style='color: green;'>+Helping businesses in Atlantic Canada to become more competitive, innovative and productive.</span><br><span style='color: green;'>+Canada Economic Development for Quebec Regions (CED)</span><br><span style='color: green;'>+Guiding Quebec businesses and regions toward the economy of tomorrow.</span><br><span style='color: green;'>+Canadian Northern Economic Development Agency (CanNor)</span><br><span style='color: green;'>+Helping to develop a diversified, sustainable, and dynamic economy across Canada's three territories.</span><br><span style='color: green;'>+Federal Economic Development Agency for Southern Ontario (FedDev Ontario)</span><br><span style='color: green;'>+Programs and services to support innovation and economic growth in southern Ontario.</span><br><span style='color: green;'>+Federal Economic Development Agency for Northern Ontario (FedNor)</span><br><span style='color: green;'>+Supporting businesses and community partners to build a stronger Northern Ontario.</span><br><span style='color: green;'>+Prairies Economic Development Canada (PrairiesCan)</span><br><span style='color: green;'>+Supporting business, innovation and community economic development unique to Alberta, Saskatchewan and Manitoba.</span><br><span style='color: green;'>+Pacific Economic Development Canada (PacifiCan)</span><br><span style='color: green;'>+Supporting business, innovation and community economic development unique to British Columbia.</span><br><span style='color: green;'>+Supporting regional economic growth through innovation</span><br><span style='color: green;'>+RDA programs foster the right environment to enable businesses to grow and entrepreneurs and innovators to start businesses, creating the ideal conditions for the development of strong, dynamic and inclusive regional economies throughout the country.</span><br><span style='color: green;'>+Regional Development Agencies support regional innovation ecosystems and help businesses scale up by:</span><br><span style='color: green;'>+delivering nationally coordinated programs tailored to fit regional needs and circumstances</span><br><span style='color: green;'>+providing access to financial assistance</span><br><span style='color: green;'>+bringing together key players in their respective ecosystems</span><br><span style='color: green;'>+supporting community economic development</span><br><span style='color: green;'>+ensuring that regional growth strategies eliminate regional gaps and align with federal government objectives</span><br><span style='color: green;'>+Success stories</span><br><span style='color: green;'>+Businesses and industries in communities across the country are thriving thanks to targeted investments from the RDAs.</span><br><span style='color: green;'>+Atlantic Canada Opportunities Agency (ACOA)</span><br><span style='color: green;'>+Canada Economic Development for Quebec Regions (CED)</span><br><span style='color: green;'>+Canadian Northern Economic Development Agency (CanNor)</span><br><span style='color: green;'>+Federal Economic Development Agency for Southern Ontario (FedDev Ontario)</span><br><span style='color: green;'>+Federal Economic Development Agency for Northern Ontario (FedNor)</span><br><span style='color: green;'>+Prairies Economic Development Canada (PrairiesCan)</span><br><span style='color: green;'>+Pacific Economic Development Canada (PacifiCan)</span><br><span style='color: green;'>+Regional representation</span><br><span style='color: green;'>+Text version</span><br><span style='color: green;'>+of Regional representation</span><br><span style='color: green;'>+Province/Territory</span><br><span style='color: green;'>+Regional development agency support</span><br><span style='color: green;'>+Alberta</span><br><span style='color: green;'>+Prairies Economic Development Canada (PrairiesCan)</span><br><span style='color: green;'>+British Columbia</span><br><span style='color: green;'>+Pacific Economic Development Canada (PacifiCan)</span><br><span style='color: green;'>+Manitoba</span><br><span style='color: green;'>+Prairies Economic Development Canada (PrairiesCan)</span><br><span style='color: green;'><span style='background-color: yellow;'>+New Brunswick</span></span><br><span style='color: green;'>+Atlantic Canada Opportunities Agency (ACOA)</span><br><span style='color: green;'>+Newfoundland and Labrador</span><br><span style='color: green;'>+Atlantic Canada Opportunities Agency (ACOA)</span><br><span style='color: green;'>+Northwest Territories</span><br><span style='color: green;'>+Canadian Northern Economic Development Agency (CanNor)</span><br><span style='color: green;'>+Nova Scotia</span><br><span style='color: green;'>+Atlantic Canada Opportunities Agency (ACOA)</span><br><span style='color: green;'>+Nunavut</span><br><span style='color: green;'>+Canadian Northern Economic Development Agency (CanNor)</span><br><span style='color: green;'>+Ontario</span><br><span style='color: green;'>+Northern Ontario:</span><br><span style='color: green;'>+Federal Economic Development Agency for Northern Ontario (FedNor)</span><br><span style='color: green;'>+Southern Ontario:</span><br><span style='color: green;'>+Federal Economic Development Agency for Southern Ontario (FedDev Ontario)</span><br><span style='color: green;'>+Prince Edward Island</span><br><span style='color: green;'>+Atlantic Canada Opportunities Agency (ACOA)</span><br><span style='color: green;'>+Quebec</span><br><span style='color: green;'>+Canada Economic Development for Quebec Regions (CED)</span><br><span style='color: green;'>+Saskatchewan</span><br><span style='color: green;'>+Prairies Economic Development Canada (PrairiesCan)</span><br><span style='color: green;'>+Yukon</span><br><span style='color: green;'>+Canadian Northern Economic Development Agency (CanNor)</span><br><span style='color: green;'>+Canadian Northern Economic Development Agency (CanNor)</span><br><span style='color: green;'>+Prairies Economic Development Canada (PrairiesCan)</span><br><span style='color: green;'>+Pacific Economic Development Canada (PacifiCan)</span><br><span style='color: green;'>+Federal Economic Development Agency for Northern Ontario (FedNor)</span><br><span style='color: green;'>+Federal Economic Development Agency for Southern Ontario (FedDev Ontario)</span><br><span style='color: green;'>+Canada Economic Development for Quebec Regions (CED)</span><br><span style='color: green;'>+Atlantic Canada Opportunities Agency (ACOA)</span><br><span style='color: green;'>+Report a problem</span><br><span style='color: green;'>+Date modified:</span><br><span style='color: green;'>+<b style='color: black;'>2024</b>-<b style='color: black;'>10</b>-<b style='color: black;'>22</b></span>"
https://www.canada.ca/en/revenue-agency/services/tax/businesses/topics/corporations/business-tax-credits/clean-economy-itc.html,2025-04-03 13:53:33,No Change!,NO CHANGES TO THE CONTENT!
https://www.canada.ca/en/atlantic-canada-opportunities/services/regional-economic-growth-through-innovation.html,2025-04-03 13:53:37,No Change!,NO CHANGES TO THE CONTENT!
https://www.canada.ca/en/atlantic-canada-opportunities/services/business-development-program.html,2025-04-03 13:53:42,No Change!,NO CHANGES TO THE CONTENT!
https://www.tradecommissioner.gc.ca/funding-financement/canexport/innovation/index.aspx?lang=eng,2025-04-03 13:53:46,No Change!,NO CHANGES TO THE CONTENT!
https://www.canada.ca/en/atlantic-canada-opportunities/services/regional-homebuilding-innovation-initiative.html,2025-04-03 13:53:47,No Change!,NO CHANGES TO THE CONTENT!
https://www.bdc.ca/en/bdc-capital/venture-capital/funds/climate-tech-fund-ii,2025-04-03 13:53:52,No Change!,NO CHANGES TO THE CONTENT!
https://www.bdc.ca/en/bdc-capital/venture-capital/funds/industrial-innovation-venture-fund,2025-04-03 13:53:53,No Change!,NO CHANGES TO THE CONTENT!
https://www.bdc.ca/en/bdc-capital/venture-capital/funds/sustainability-venture-fund,2025-04-03 13:53:55,No Change!,NO CHANGES TO THE CONTENT!
https://www.bdc.ca/en/bdc-capital/venture-capital/funds/thrive-platform/thrive-lab-women,2025-04-03 13:53:56,No Change!,NO CHANGES TO THE CONTENT!
https://ced.canada.ca/en/funding/regional-artificial-intelligence-initiative/,2025-04-03 13:53:58,No Change!,NO CHANGES TO THE CONTENT!
https://ced.canada.ca/en/funding/business-scale-up-and-productivity/,2025-04-03 13:54:03,No Change!,NO CHANGES TO THE CONTENT!
https://ced.canada.ca/en/funding/regional-innovation-ecosystems/,2025-04-03 13:54:06,No Change!,NO CHANGES TO THE CONTENT!
https://ced.canada.ca/en/funding/regional-homebuilding-innovation-initiative/,2025-04-03 13:54:11,No Change!,NO CHANGES TO THE CONTENT!
https://cib-bic.ca/en/sectors/public-transit/,2025-04-03 13:54:14,No Change!,NO CHANGES TO THE CONTENT!
https://cib-bic.ca/en/building-retrofits-initiative/,2025-04-03 13:54:16,No Change!,NO CHANGES TO THE CONTENT!
https://cib-bic.ca/en/sectors/green-infrastructure/,2025-04-03 13:54:17,No Change!,NO CHANGES TO THE CONTENT!
https://cib-bic.ca/en/charging-and-hydrogen-refuelling-infrastructure-initiative/,2025-04-03 13:54:19,No Change!,NO CHANGES TO THE CONTENT!
https://cib-bic.ca/en/sectors/clean-power/,2025-04-03 13:54:21,No Change!,NO CHANGES TO THE CONTENT!
https://cib-bic.ca/en/sectors/trade-and-transportation/,2025-04-03 13:54:22,No Change!,NO CHANGES TO THE CONTENT!
https://cib-bic.ca/en/work-with-us/project-acceleration/,2025-04-03 13:54:24,No Change!,NO CHANGES TO THE CONTENT!
https://cib-bic.ca/en/indigenous-infra/,2025-04-03 13:54:26,No Change!,NO CHANGES TO THE CONTENT!
https://www.canada.ca/en/revenue-agency/services/tax/businesses/topics/sole-proprietorships-partnerships/report-business-income-expenses/claiming-capital-cost-allowance/accelerated-investment-incentive.html,2025-04-03 13:54:27,No Change!,NO CHANGES TO THE CONTENT!
https://www.canada.ca/en/revenue-agency/services/tax/individuals/topics/about-your-tax-return/tax-return/completing-a-tax-return/deductions-credits-expenses/line-41200-investment-tax-credit/atlantic-investment-tax-credit.html,2025-04-03 13:54:31,No Change!,NO CHANGES TO THE CONTENT!
https://www.canada.ca/en/revenue-agency/services/tax/technical-information/income-tax/income-tax-folios-index/series-3-property-investments-savings-plans/series-3-property-investments-savings-plan-folio-8-resource-properties/income-tax-folio-s3-f8-c2-tax-incentives-clean-energy-equipment.html,2025-04-03 13:54:34,No Change!,NO CHANGES TO THE CONTENT!
https://www.canada.ca/en/revenue-agency/services/tax/businesses/topics/corporations/business-tax-credits/clean-economy-itc/carbon-capture-itc.html,2025-04-03 13:54:38,No Change!,NO CHANGES TO THE CONTENT!
https://www.canada.ca/en/revenue-agency/services/tax/businesses/topics/corporations/business-tax-credits/clean-economy-itc/clean-hydrogen-itc.html,2025-04-03 13:54:42,No Change!,NO CHANGES TO THE CONTENT!
https://www.canada.ca/en/revenue-agency/services/tax/businesses/topics/corporations/business-tax-credits/clean-economy-itc/clean-technology-itc.html,2025-04-03 13:54:45,No Change!,NO CHANGES TO THE CONTENT!
https://www.canada.ca/en/revenue-agency/services/tax/businesses/topics/corporations/business-tax-credits/clean-economy-itc/clean-technology-manufacturing-itc.html,2025-04-03 13:54:49,No Change!,NO CHANGES TO THE CONTENT!
https://www.canada.ca/en/revenue-agency/services/scientific-research-experimental-development-tax-incentive-program.html,2025-04-03 13:54:53,No Change!,NO CHANGES TO THE CONTENT!
https://oceansupercluster.ca/what-we-do/projects/,2025-04-03 13:54:57,No Change!,NO CHANGES TO THE CONTENT!
https://www.cannor.gc.ca/eng/1385494707664/1386784548880,2025-04-03 13:55:00,No Change!,NO CHANGES TO THE CONTENT!
https://www.cannor.gc.ca/eng/1385477070180/1385477215760,2025-04-03 13:55:02,No Change!,NO CHANGES TO THE CONTENT!
https://www.hannovermesse.de/en/for-exhibitors/become-an-exhibitor/contact-form,2025-04-03 13:55:03,No Change!,NO CHANGES TO THE CONTENT!
https://shop.hannovermesse.de/en/00/2025/index.html,2025-04-03 13:55:05,No Change!,NO CHANGES TO THE CONTENT!
https://www.cannor.gc.ca/eng/1396121900938/1396122167871,2025-04-03 13:55:07,No Change!,NO CHANGES TO THE CONTENT!
https://www.cannor.gc.ca/eng/1396123434848/1396123576050,2025-04-03 13:55:08,No Change!,NO CHANGES TO THE CONTENT!
https://www.cannor.gc.ca/eng/1713973714431/1713973749643,2025-04-03 13:55:10,No Change!,NO CHANGES TO THE CONTENT!
https://www.cannor.gc.ca/eng/1608663726079/1608663750441,2025-04-03 13:55:11,No Change!,NO CHANGES TO THE CONTENT!
https://www.cannor.gc.ca/eng/1731601687376/1731601710675,2025-04-03 13:55:12,No Change!,NO CHANGES TO THE CONTENT!
https://www.cannor.gc.ca/eng/1731600508302/1731600550466,2025-04-03 13:55:14,No Change!,NO CHANGES TO THE CONTENT!
https://rcaanc-cirnac.gc.ca/eng/1481305379258/1594737453888,2025-04-03 13:55:15,No Change!,NO CHANGES TO THE CONTENT!
https://www.digitalsupercluster.ca/innovate-with-us/call-for-projects/,2025-04-03 13:55:16,No Change!,NO CHANGES TO THE CONTENT!
https://eco.ca/environmental-employers/employment-and-wage-subsidies/environmental-employability-pathways/?utm_term=Environmental%20Employability%20Pathways&utm_campaign=january_newsletter&utm_content=email&utm_source=Act-On+Software&utm_medium=email&cm_mmc=Act-On%20Software-_-email-_-ECO%20Monthly:%20New%20Job%20Funding%20Program-_-Environmental%20Employability%20Pathways,2025-04-03 13:55:19,No Change!,NO CHANGES TO THE CONTENT!
https://www.canada.ca/en/services/jobs/training/support-skilled-trades-apprentices/loan.html,2025-04-03 13:55:27,No Change!,NO CHANGES TO THE CONTENT!
https://www.canada.ca/en/environment-climate-change/services/climate-change/low-carbon-economy-fund/indigenous-leadership.html,2025-04-03 13:55:29,No Change!,NO CHANGES TO THE CONTENT!
https://fednor.canada.ca/en/our-programs/regional-economic-growth-through-innovation-regi/business-scale-and-productivity-northern-ontario,2025-04-03 13:55:34,No Change!,NO CHANGES TO THE CONTENT!
https://fednor.canada.ca/en/our-programs/regional-economic-growth-through-innovation-regi/targeted-manufacturing-initiative-northern-ontario-productivity-improvements,2025-04-03 13:55:35,No Change!,NO CHANGES TO THE CONTENT!
https://fednor.canada.ca/en/our-programs/regional-economic-growth-through-innovation-regi/targeted-manufacturing-initiative-northern-ontario-operational-assessments,2025-04-03 13:55:36,No Change!,NO CHANGES TO THE CONTENT!
https://fednor.canada.ca/en/our-programs/regional-artificial-intelligence-initiative-raii-northern-ontario,2025-04-03 13:55:38,No Change!,NO CHANGES TO THE CONTENT!
https://fednor.canada.ca/en/our-programs/regional-homebuilding-innovation-initiative-northern-ontario,2025-04-03 13:55:39,No Change!,NO CHANGES TO THE CONTENT!
https://feddev-ontario.canada.ca/en/funding-southern-ontario,2025-04-03 13:55:40,No Change!,NO CHANGES TO THE CONTENT!
https://facecoalition.com/en/loans,2025-04-03 13:55:42,No Change!,NO CHANGES TO THE CONTENT!
https://greenmunicipalfund.ca/,2025-04-03 13:55:44,No Change!,NO CHANGES TO THE CONTENT!
https://www.dfo-mpo.gc.ca/fisheries-peches/management-gestion/ghostgear-equipementfantome/program-programme/projects-projets-eng.html,2025-04-03 13:55:45,No Change!,NO CHANGES TO THE CONTENT!
https://futurpreneur.ca/en/offering/core-startup/,2025-04-03 13:55:46,No Change!,NO CHANGES TO THE CONTENT!
https://futurpreneur.ca/en/offering/black-entrepreneur-startup/,2025-04-03 13:55:47,No Change!,NO CHANGES TO THE CONTENT!
https://futurpreneur.ca/en/offering/indigenous-entrepreneur-startup/,2025-04-03 13:55:48,No Change!,NO CHANGES TO THE CONTENT!
https://www.tradecommissioner.gc.ca/funding-financement/canexport/sme-pme/index.aspx?lang=eng,2025-04-03 13:55:50,SIGNIFICANT CHANGE!,"                                                                                               <span style='color: red;'> <span style='background-color: yellow;'>-CanExport SMEs is accepting applications for projects taking place in the <b style='color: black;'>2025</b>-<b style='color: black;'>2026</b> fiscal year. To qualify, project expenses must be incurred between April <b style='color: black;'>1</b>, <b style='color: black;'>2025</b>, and March <b style='color: black;'>31</b>, <b style='color: black;'>2026</b>.</span></span><br><span style='color: green;'><span style='background-color: yellow;'><span style='background-color: yellow;'>+CanExport SMEs is accepting applications from March <b style='color: black;'>13</b>th <b style='color: black;'>2025</b> at <b style='color: black;'>9</b>am EST to May <b style='color: black;'>31</b>st <b style='color: black;'>2025</b> at <b style='color: black;'>5</b> pm EDT for projects taking place in the <b style='color: black;'>2025</b>-<b style='color: black;'>2026</b> fiscal year. To qualify, project expenses must be incurred between April <b style='color: black;'>1</b>, <b style='color: black;'>2025</b>, and March <b style='color: black;'>31</b>, <b style='color: black;'>2026</b>.</span></span></span><br><span style='color: red;'> <span style='background-color: yellow;'>-To better serve Canadian businesses and manage funding more efficiently, we are introduced program changes such as:</span></span><br><span style='color: green;'><span style='background-color: yellow;'>+To better serve Canadian businesses and manage funding more efficiently, we are introducing program changes such as:</span></span><br><span style='color: red;'> -<b style='color: black;'>2025</b>-<b style='color: black;'>03</b>-<b style='color: black;'>13</b></span><br><span style='color: green;'><span style='background-color: yellow;'>+<b style='color: black;'>2025</b>-<b style='color: black;'>04</b>-<b style='color: black;'>03</b></span></span>"
https://www.tradecommissioner.gc.ca/cta-atc/index.aspx?lang=eng,2025-04-03 13:55:56,No Change!,NO CHANGES TO THE CONTENT!
https://housing-infrastructure.canada.ca/zero-emissions-trans-zero-emissions/index-eng.html,2025-04-03 13:55:57,No Change!,NO CHANGES TO THE CONTENT!
https://www.sac-isc.gc.ca/eng/1473167344730/1611275258458,2025-04-03 13:55:58,No Change!,NO CHANGES TO THE CONTENT!
https://www.sac-isc.gc.ca/eng/1100100010656/1533645154710,2025-04-03 13:55:59,No Change!,NO CHANGES TO THE CONTENT!
https://www.sac-isc.gc.ca/eng/1330016561558/1594122175203,2025-04-03 13:56:00,No Change!,NO CHANGES TO THE CONTENT!
https://ised-isde.canada.ca/site/canada-digital-adoption-program/en/grow-your-business-online,2025-04-03 13:56:02,No Change!,NO CHANGES TO THE CONTENT!
https://ised-isde.canada.ca/site/canada-small-business-financing-program/en,2025-04-03 13:56:03,No Change!,NO CHANGES TO THE CONTENT!
https://ised-isde.canada.ca/site/strategic-innovation-fund/en/project-requirements/businness-innovation-and-growth,2025-04-03 13:56:04,No Change!,NO CHANGES TO THE CONTENT!
https://ised-isde.canada.ca/site/strategic-innovation-fund/en/project-requirements/collaborations-and-networks,2025-04-03 13:56:05,No Change!,NO CHANGES TO THE CONTENT!
https://ised-isde.canada.ca/site/strategic-innovation-fund/en/net-zero-accelerator-initiative,2025-04-03 13:56:07,No Change!,NO CHANGES TO THE CONTENT!
https://insat.aero/your-insat-project/,2025-04-03 13:56:08,No Change!,NO CHANGES TO THE CONTENT!
https://ised-isde.canada.ca/site/innovative-solutions-canada/en,2025-04-03 13:56:09,No Change!,NO CHANGES TO THE CONTENT!
https://www.mitacs.ca/our-programs/accelerate-core-business/,2025-04-03 13:56:10,SIGNIFICANT CHANGE!,"                                                                                  <span style='color: red;'> <span style='background-color: yellow;'>-Please note that for the <b style='color: black;'>2024</b>-<b style='color: black;'>2025</b> fiscal year, running from April <b style='color: black;'>1</b>, <b style='color: black;'>2024</b> to March <b style='color: black;'>31</b>, <b style='color: black;'>2025</b> there is limited funding available for Accelerate in the provinces of Alberta, Saskatchewan, Manitoba and Ontario.</span></span><br><span style='color: green;'><span style='background-color: yellow;'>+Effective April <b style='color: black;'>1</b>, <b style='color: black;'>2025</b>, the Indigenous Pathways initiative will be reopening for the <b style='color: black;'>2025</b>-<b style='color: black;'>2026</b> fiscal year. As part of the new funding criteria, each partner organization will be limited to <b style='color: black;'>12</b> Internship Units per submission year. Please contact your Mitacs advisor for questions or concerns.</span></span><br><span style='color: red;'> <span style='background-color: yellow;'><span style='background-color: yellow;'>-The Indigenous Pathways initiative is now at full capacity for the <b style='color: black;'>2024</b>-<b style='color: black;'>2025</b> fiscal year. The initiative is closed and will reopen in April <b style='color: black;'>2025</b> with updated eligibility criteria. For questions or concerns please contact your Mitacs advisor.</span></span></span>"
https://www.mitacs.ca/our-programs/elevate-business/,2025-04-03 13:56:17,No Change!,NO CHANGES TO THE CONTENT!
https://www.canada.ca/en/department-national-defence/programs/defence-ideas.html,2025-04-03 13:56:18,No Change!,NO CHANGES TO THE CONTENT!
https://nrc.canada.ca/en/research-development/research-collaboration/programs/arctic-northern-challenge-program,2025-04-03 13:56:23,No Change!,NO CHANGES TO THE CONTENT!
https://nrc.canada.ca/en/support-technology-innovation/financial-support-technology-innovation-through-nrc-irap,2025-04-03 13:56:25,No Change!,NO CHANGES TO THE CONTENT!
https://nrc.canada.ca/en/irap/about/international/index.html?action=view&id=216,2025-04-03 13:56:26,No Change!,NO CHANGES TO THE CONTENT!
https://nrc.canada.ca/en/irap/about/international/index.html?action=view&id=217,2025-04-03 13:56:27,No Change!,NO CHANGES TO THE CONTENT!
https://nrc.canada.ca/en/irap/about/international/index.html?action=view&id=214,2025-04-03 13:56:28,No Change!,NO CHANGES TO THE CONTENT!
https://nrc.canada.ca/en/irap/about/international/index.html?action=view&id=203,2025-04-03 13:56:30,No Change!,NO CHANGES TO THE CONTENT!
https://natural-resources.canada.ca/our-natural-resources/energy-sources-distribution/clean-fuels/clean-fuels-fund/funding-for-indigenous-led-clean-production-capacity-projects/24040,2025-04-03 13:56:31,No Change!,NO CHANGES TO THE CONTENT!
https://natural-resources.canada.ca/our-natural-resources/energy-sources-distribution/clean-fuels/clean-fuels-fund/clean-fuels-fund-building-new-domestic-production-capacity/23726,2025-04-03 13:56:32,No Change!,NO CHANGES TO THE CONTENT!
https://natural-resources.canada.ca/reducingdiesel,2025-04-03 13:56:33,No Change!,NO CHANGES TO THE CONTENT!
https://natural-resources.canada.ca/science-and-data/funding-partnerships/opportunities/forest-sector/indigenous-forestry-initiative/13125,2025-04-03 13:56:34,No Change!,NO CHANGES TO THE CONTENT!
https://www.canada.ca/en/services/environment/weather/climatechange/climate-plan/reduce-emissions/reducing-reliance-diesel/indigenous-off-diesel-initiative.html,2025-04-03 13:56:35,No Change!,NO CHANGES TO THE CONTENT!
https://www.canada.ca/en/services/environment/weather/climatechange/climate-plan/reduce-emissions/reducing-reliance-diesel/wah-ila-toos-funding-opportunities.html,2025-04-03 13:56:40,No Change!,NO CHANGES TO THE CONTENT!
https://www.nrcan.gc.ca/energy-efficiency/buildings/codes-acceleration-fund/24794,2025-04-03 13:56:43,No Change!,NO CHANGES TO THE CONTENT!
https://www.canada.ca/en/campaign/critical-minerals-in-canada/federal-support-for-critical-mineral-projects-and-value-chains/critical-minerals-infrastructure-fund1.html,2025-04-03 13:56:44,No Change!,NO CHANGES TO THE CONTENT!
https://www.canada.ca/en/campaign/critical-minerals-in-canada/federal-support-for-critical-mineral-projects-and-value-chains/critical-minerals-research-development-and-demonstration-program.html,2025-04-03 13:56:48,No Change!,NO CHANGES TO THE CONTENT!
https://www.canada.ca/en/campaign/critical-minerals-in-canada/federal-support-for-critical-mineral-projects-and-value-chains/critical-minerals-geoscience-and-data-initiative.html,2025-04-03 13:56:50,No Change!,NO CHANGES TO THE CONTENT!
https://natural-resources.canada.ca/climate-change/canadas-green-future/green-jobs/87,2025-04-03 13:56:54,No Change!,NO CHANGES TO THE CONTENT!
https://natural-resources.canada.ca/climate-change/green-infrastructure-programs/sreps/utility-support-stream/26251,2025-04-03 13:56:55,No Change!,NO CHANGES TO THE CONTENT!
https://natural-resources.canada.ca/energy-efficiency/transportation-alternative-fuels/infrastructure/zero-emission-vehicle-awareness-initiative/funding-for-indigenous-projects/25023,2025-04-03 13:56:56,No Change!,NO CHANGES TO THE CONTENT!
https://natural-resources.canada.ca/science-and-data/funding-partnerships/opportunities/grants-incentives/energy-innovation-program/mining-decarbonization-demonstration-call-for-proposals/26527,2025-04-03 13:56:58,No Change!,NO CHANGES TO THE CONTENT!
https://natural-resources.canada.ca/science-and-data/funding-partnerships/opportunities/grants-incentives/energy-innovation-program/energy-innovation-program-national-energy-systems-modelling-call/25515,2025-04-03 13:57:00,No Change!,NO CHANGES TO THE CONTENT!
https://www.ngen.ca/funding/cluster-accelerator,2025-04-03 13:57:01,No Change!,NO CHANGES TO THE CONTENT!
https://www.ngen.ca/funding,2025-04-03 13:57:03,No Change!,NO CHANGES TO THE CONTENT!
https://www.nserc-crsng.gc.ca/Innovate-Innover/alliance-alliance/index_eng.asp,2025-04-03 13:57:04,SIGNIFICANT CHANGE!,"                                                        <span style='color: red;'> <span style='background-color: yellow;'>-On January <b style='color: black;'>16</b>, <b style='color: black;'>2024</b>, the Government of Canada published its Policy on Sensitive Technology Research and Affiliations of Concern. This funding opportunity is in scope of this new policy, wherein grant applications that involve conducting research that aims to advance a sensitive technology research area will not be funded if any of the researchers involved in activities supported by the grant are currently affiliated with, or in receipt of funding or in-kind support from, a named research organization. Please read the Tri-agency guidance on the STRAC Policy to understand how this policy may impact your grant application.</span></span><br><span style='color: red;'> -NSERC is acting on the evidence that achieving a more equitable, diverse and inclusive Canadian research enterprise is essential to creating the excellent, innovative and impactful research necessary to advance knowledge and understanding, and to respond to local, national and global challenges. This principle informs the commitments described in the Tri-agency statement on equity, diversity and inclusion (EDI) and is aligned with the objectives of the Tri-agency EDI action plan.</span><br><span style='color: red;'> -Excellent research considers EDI both in the research environment (forming a research team, student training) and in the research process. For Alliance grants, EDI considerations are currently evaluated in the training, mentorship and professional development opportunities for students and trainees. The aim is to remove barriers to the recruitment and promote full participation of individuals from underrepresented groups, including women, Indigenous Peoples (First Nations, Inuit, and Métis), persons with disabilities, members of visible minority/racialized groups and members of <b style='color: black;'>2</b>SLGBTQI+ communities. Applicants are encouraged to increase the inclusion and advancement of underrepresented groups as one way to enhance excellence in research and training. For additional guidance, applicants should refer to Alliance grants: Equity, diversity and inclusion in your training plan and the NSERC guide on integrating equity, diversity and inclusion considerations in research.</span><br><span style='color: green;'>+NSERC is acting on the evidence that achieving a more equitable, diverse and inclusive Canadian research enterprise is essential to creating the excellent, innovative and impactful research necessary to advance knowledge and understanding, and to respond to local, national and global challenges. This principle informs the commitments described in the Tri-agency Statement on Equity, Diversity and Inclusion (EDI) and is aligned with the objectives of the Tri-agency EDI Action Plan.</span><br><span style='color: green;'>+Excellent research considers EDI both in the research environment (forming a research team, student training) and in the research process. For Alliance grants, EDI considerations are currently evaluated in the training, mentorship and professional development opportunities for students and trainees. The aim is to remove barriers to the recruitment and promote the full participation of individuals from underrepresented groups, including women, Indigenous Peoples (First Nations, Inuit, and Métis), persons with disabilities, members of visible minority/racialized groups and members of <b style='color: black;'>2</b>SLGBTQI+ communities. Applicants are encouraged to increase the inclusion and advancement of underrepresented groups as one way to enhance excellence in research and training. For additional guidance, applicants should refer to Alliance grants: Equity, diversity and inclusion in your training plan and the NSERC guide on integrating equity, diversity and inclusion considerations in research.</span><br><span style='color: green;'>+Research security</span><br><span style='color: green;'><span style='background-color: yellow;'>+To ensure that the Canadian research ecosystem is as open as possible and as safeguarded as necessary, the Government of Canada has introduced the Policy on Sensitive Technology Research and Affiliations of Concern (STRAC Policy) and the National Security Guidelines for Research Partnerships (NSGRP).</span></span><br><span style='color: green;'>+For more information about research security at the granting agencies, refer to the Tri-agency Guidance on Research Security.</span><br><span style='color: green;'>+Policy on Sensitive Technology Research and Affiliations of Concern</span><br><span style='color: green;'>+The STRAC Policy addresses risks related to Sensitive Technology Research Areas performed with research organizations and institutions that pose the highest risk to Canada’s national security. The STRAC Policy applies to this funding opportunity.</span><br><span style='color: green;'>+Applicants must identify whether the grant application aims to advance a Sensitive Technology Research Area. If so, the submission of attestation forms will be required from researchers with named roles (for this funding opportunity, these are the applicants, co-applicants, and collaborators) to certify that they are not currently affiliated with, nor are in receipt of funding or in-kind support from, a Named Research Organization (NRO).</span><br><span style='color: green;'>+The Tri-agency guidance on the STRAC Policy provides more information on applicable procedures and requirements, including responsibilities of researchers and responsibilities of institutions.</span><br><span style='color: red;'> <span style='background-color: yellow;'>-To ensure the Canadian research ecosystem is as open as possible and as safeguarded as necessary, the Government of Canada has introduced the National Security Guidelines for Research Partnerships to integrate national security considerations into the development, evaluation and funding of research partnerships. These guidelines provide a framework through which researchers, research institutions and Canada’s granting agencies can undertake consistent, risk-targeted due diligence to identify and mitigate potential national security risks linked to research partnerships.</span></span><br><span style='color: red;'> -The National Security Guidelines for Research Partnerships apply to Alliance grant applications involving one or more partner organizations from the private sector, including when they participate alongside other partner organizations from the public and/or not-for-profit sectors. For such partnerships, you and your post-secondary institution are required to complete a risk assessment form for your research project and submit it as an integral part of your Alliance application.</span><br><span style='color: green;'>+The National Security Guidelines for Research Partnerships integrate national security considerations into the development, evaluation and funding of research partnerships. These guidelines provide a framework through which researchers, research institutions and Canada’s granting agencies can undertake consistent, risk-targeted due diligence to identify and mitigate potential national security risks linked to research partnerships.</span><br><span style='color: green;'>+The National Security Guidelines for Research Partnerships apply to Alliance grant applications involving one or more partner organizations from the private sector, including when they participate alongside other partner organizations from the public and/or not-for-profit sectors. For such partnerships, you and your post-secondary institution are required to complete the Risk Assessment form for your research project and submit it as an integral part of your Alliance application.</span><br><span style='color: green;'>+The Tri-agency guidance on the National Security Guidelines for Research Partnerships provides more information on applicable procedures and requirements.</span><br><span style='color: red;'> <span style='background-color: yellow;'><span style='background-color: yellow;'>-Modified: <b style='color: black;'>2024</b>-<b style='color: black;'>04</b>-<b style='color: black;'>17</b></span></span></span><br><span style='color: green;'><span style='background-color: yellow;'>+Modified: <b style='color: black;'>2025</b>-<b style='color: black;'>04</b>-<b style='color: black;'>03</b></span></span>"
https://www.canada.ca/en/pacific-economic-development/services/funding/regional-innovation-ecosystems.html,2025-04-03 13:57:13,No Change!,NO CHANGES TO THE CONTENT!
https://www.canada.ca/en/pacific-economic-development/services/funding/regional-artificial-intelligence-initiative.html,2025-04-03 13:57:18,No Change!,NO CHANGES TO THE CONTENT!
https://www.canada.ca/en/pacific-economic-development/services/funding/regional-homebuilding-innovation-initiative.html,2025-04-03 13:57:20,No Change!,NO CHANGES TO THE CONTENT!
https://www.canada.ca/en/pacific-economic-development/services/funding/regional-quantum-initiative.html,2025-04-03 13:57:22,No Change!,NO CHANGES TO THE CONTENT!
https://www.canada.ca/en/pacific-economic-development/services/funding/business-scale-up-productivity.html,2025-04-03 13:57:27,No Change!,NO CHANGES TO THE CONTENT!
https://www.canada.ca/en/prairies-economic-development/services/funding/business-scale-up-productivity.html,2025-04-03 13:57:31,No Change!,NO CHANGES TO THE CONTENT!
https://www.canada.ca/en/prairies-economic-development/services/funding/regional-quantum-initiative.html,2025-04-03 13:57:33,No Change!,NO CHANGES TO THE CONTENT!
https://www.canada.ca/en/prairies-economic-development/services/funding/alberta-indigenous-clean-energy-initiative.html,2025-04-03 13:57:38,No Change!,NO CHANGES TO THE CONTENT!
https://www.canada.ca/en/prairies-economic-development/services/funding/regional-artificial-intelligence-initiative.html,2025-04-03 13:57:42,No Change!,NO CHANGES TO THE CONTENT!
https://www.canada.ca/en/prairies-economic-development/services/funding/regional-homebuilding-innovation-initiative.html,2025-04-03 13:57:45,No Change!,NO CHANGES TO THE CONTENT!
https://www.proteinindustriescanada.ca/technology,2025-04-03 13:57:48,No Change!,NO CHANGES TO THE CONTENT!
https://www.proteinindustriescanada.ca/capacity-building,2025-04-03 13:57:50,No Change!,NO CHANGES TO THE CONTENT!
https://www.proteinindustriescanada.ca/artificial-intelligence,2025-04-03 13:57:52,No Change!,NO CHANGES TO THE CONTENT!
https://www.scaleai.ca/projects/,2025-04-03 13:57:54,No Change!,NO CHANGES TO THE CONTENT!
https://www.scaleai.ca/acceleration/,2025-04-03 13:57:55,No Change!,NO CHANGES TO THE CONTENT!
https://tc.canada.ca/en/road-transportation/innovative-technologies/zero-emission-vehicles/medium-heavy-duty-zero-emission-vehicles,2025-04-03 13:57:57,No Change!,NO CHANGES TO THE CONTENT!
https://natural-resources.canada.ca/energy-efficiency/transportation-alternative-fuels/greening-freight-programs/green-freight-program/green-freight-program-applicants-guide-stream-1/24808,2025-04-03 13:57:58,No Change!,NO CHANGES TO THE CONTENT!
https://tc.canada.ca/en/programs/green-shipping-corridor-program,2025-04-03 13:58:00,No Change!,NO CHANGES TO THE CONTENT!
https://www.canada.ca/en/treasury-board-secretariat/services/innovation/greening-government/greening-gov-fund.html,2025-04-03 13:58:02,No Change!,NO CHANGES TO THE CONTENT!
https://nrc.canada.ca/en/irap/about/international/,2025-04-03 13:58:04,SIGNIFICANT CHANGE!,<span style='color: red;'> -<b style='color: black;'>2025</b>-<b style='color: black;'>04</b>-<b style='color: black;'>02</b></span><br><span style='color: red;'> -Canada – Germany <b style='color: black;'>2025</b>-<b style='color: black;'>26</b> collaborative industrial research and development call for proposals (NRC IRAP-ZIM Call <b style='color: black;'>15</b>)</span><br><span style='color: red;'> -Advanced manufacturing</span><br><span style='color: red;'> -Agri-food</span><br><span style='color: red;'> <span style='background-color: yellow;'>-Clean technologies</span></span><br><span style='color: red;'> -Digital industries</span><br><span style='color: red;'> -Energy and natural resources</span><br><span style='color: red;'> -Health and bio-sciences</span><br><span style='color: red;'> -Advanced materials</span><br><span style='color: red;'> -Nanotechnology</span><br><span style='color: red;'> -Project funding</span><br><span style='color: red;'> -Germany</span><br><span style='color: red;'> -Small and medium-sized enterprise (SME)</span><br><span style='color: green;'><span style='background-color: yellow;'>+<b style='color: black;'>2025</b>-<b style='color: black;'>04</b>-<b style='color: black;'>02</b></span></span><br><span style='color: green;'>+Canada – Germany <b style='color: black;'>2025</b>-<b style='color: black;'>26</b> collaborative industrial research and development call for proposals (NRC IRAP-ZIM Call <b style='color: black;'>15</b>)</span><br><span style='color: green;'>+Advanced manufacturing</span><br><span style='color: green;'>+Agri-food</span><br><span style='color: green;'><span style='background-color: yellow;'>+Clean technologies</span></span><br><span style='color: green;'>+Digital industries</span><br><span style='color: green;'>+Energy and natural resources</span><br><span style='color: green;'>+Health and bio-sciences</span><br><span style='color: green;'>+Advanced materials</span><br><span style='color: green;'>+Nanotechnology</span><br><span style='color: green;'>+Project funding</span><br><span style='color: green;'>+Germany</span><br><span style='color: green;'>+Small and medium-sized enterprise (SME)</span>
https://nrc.canada.ca/en/irap/about/international/?action=view&id=221,2025-04-03 13:58:15,No Change!,NO CHANGES TO THE CONTENT!
https://www.canada.ca/en/environment-climate-change/services/environmental-funding/programs/nature-smart-climate-solutions-fund.html,2025-04-03 13:58:16,No Change!,NO CHANGES TO THE CONTENT!
https://netzeroatlantic.ca/,2025-04-03 13:58:21,SIGNIFICANT CHANGE!,<span style='color: green;'>+Workshop</span><br><span style='color: green;'><span style='background-color: yellow;'>+ECT PEI: Clean Technology Challenge (Summerside)</span></span><br><span style='color: green;'>+Net Zero Atlantic’s Emerging Concepts & Technology (ECT) Research Program</span><br><span style='color: green;'>+<b style='color: black;'>10</b></span><br><span style='color: green;'>+April</span><br><span style='color: red;'> -<b style='color: black;'>18</b></span><br><span style='color: red;'> -June</span><br><span style='color: red;'> -Conference</span><br><span style='color: red;'> -<b style='color: black;'>2025</b> Atlantic Canadian Conference on System Energy Modelling</span><br><span style='color: red;'> -Presented by the Energy Modelling Hub and Net Zero Atlantic</span>
https://netzeroatlantic.ca/requests-proposals,2025-04-03 13:58:27,No Change!,NO CHANGES TO THE CONTENT!
https://nventure.ca/delia,2025-04-03 13:58:28,No Change!,NO CHANGES TO THE CONTENT!
https://www.canada.ca/en/department-national-defence/programs/defence-ideas/opportunities.html,2025-04-03 13:58:30,No Change!,NO CHANGES TO THE CONTENT!
https://nrc.canada.ca/en/irap/about/international/?action=view&id=223,2025-04-03 13:58:34,No Change!,NO CHANGES TO THE CONTENT!
https://nrc.canada.ca/en/irap/about/international/?action=view&id=229,2025-04-03 13:58:35,No Change!,NO CHANGES TO THE CONTENT!
https://nrc.canada.ca/en/irap/about/international/?action=view&id=227,2025-04-03 13:58:37,No Change!,NO CHANGES TO THE CONTENT!
https://nrc.canada.ca/en/irap/about/international/?action=view&id=228,2025-04-03 13:58:38,No Change!,NO CHANGES TO THE CONTENT!
https://nrc.canada.ca/en/irap/about/international/?action=view&id=222,2025-04-03 13:58:39,No Change!,NO CHANGES TO THE CONTENT!
https://nrc.canada.ca/en/irap/about/international/?action=view&id=226,2025-04-03 13:58:41,No Change!,NO CHANGES TO THE CONTENT!
https://natural-resources.canada.ca/climate-change/indigenous-clean-energy-stream,2025-04-03 13:58:42,No Change!,NO CHANGES TO THE CONTENT!
https://natural-resources.canada.ca/energy-efficiency/transportation-energy-efficiency/zero-emission-vehicle-infrastrusture/funding-indigenous-projects,2025-04-03 13:58:43,No Change!,NO CHANGES TO THE CONTENT!
https://natural-resources.canada.ca/funding-partnerships/offshore-deployment-program-emissions-reduction-fund,2025-04-03 13:58:44,No Change!,NO CHANGES TO THE CONTENT!
http://www.canada.ca/en/economic-development-quebec-regions.html,2025-04-03 13:58:45,No Change!,NO CHANGES TO THE CONTENT!
https://agriculture.canada.ca/en/programs,2025-04-03 13:58:49,No Change!,NO CHANGES TO THE CONTENT!
https://www.canada.ca/en/atlantic-canada-opportunities/services/programs.html,2025-04-03 13:58:50,No Change!,NO CHANGES TO THE CONTENT!
https://www.bdc.ca/en/bdc-capital/venture-capital/funds,2025-04-03 13:58:55,No Change!,NO CHANGES TO THE CONTENT!
https://www.canada.ca/en/economic-development-quebec-regions/financing-services.html,2025-04-03 13:58:58,No Change!,NO CHANGES TO THE CONTENT!
https://cib-bic.ca/en/work-with-us/initiatives/,2025-04-03 13:59:02,No Change!,NO CHANGES TO THE CONTENT!
https://www.cannor.gc.ca/eng/1381325363616/1381325380355,2025-04-03 13:59:03,No Change!,NO CHANGES TO THE CONTENT!
https://www.rcaanc-cirnac.gc.ca/eng/1591290033278/1591290088284#env,2025-04-03 13:59:05,No Change!,NO CHANGES TO THE CONTENT!
https://www.canada.ca/en/environment-climate-change.html,2025-04-03 13:59:06,No Change!,NO CHANGES TO THE CONTENT!
https://www.canada.ca/en/services/environment/weather/climatechange/funding-programs.html,2025-04-03 13:59:09,No Change!,NO CHANGES TO THE CONTENT!
https://www.canada.ca/en/services/environment/weather/climatechange/funding-programs/climate-action-awareness-fund.html,2025-04-03 13:59:12,No Change!,NO CHANGES TO THE CONTENT!
https://www.canada.ca/en/environment-climate-change/services/climate-change/low-carbon-economy-fund/challenge.html,2025-04-03 13:59:14,No Change!,NO CHANGES TO THE CONTENT!
https://www.canada.ca/en/environment-climate-change/services/climate-change/low-carbon-economy-fund/low-carbon-leadership.html,2025-04-03 13:59:18,No Change!,NO CHANGES TO THE CONTENT!
https://www.canada.ca/en/environment-climate-change/services/climate-change/low-carbon-economy-fund/implementation-readiness.html,2025-04-03 13:59:21,No Change!,NO CHANGES TO THE CONTENT!
https://www.edc.ca/en/solutions.html,2025-04-03 13:59:23,No Change!,NO CHANGES TO THE CONTENT!
https://fednor.canada.ca/en/our-programs,2025-04-03 13:59:25,No Change!,NO CHANGES TO THE CONTENT!
https://www.tradecommissioner.gc.ca/sectors-secteurs/climate_finance-financement_international/index.aspx?lang=eng#a1,2025-04-03 13:59:26,No Change!,NO CHANGES TO THE CONTENT!
https://natural-resources.canada.ca/energy-sources/clean-fuels/clean-fuels-fund-establishing-biomass-supply-chains,2025-04-03 13:59:27,No Change!,NO CHANGES TO THE CONTENT!
https://agriculture.canada.ca/en/programs/agricultural-clean-technology-research-innovation-stream/step-2-who-eligible,2025-04-03 13:59:29,No Change!,NO CHANGES TO THE CONTENT!
https://agriculture.canada.ca/en/programs/agricultural-clean-technology-research-innovation-stream/applicant-guide,2025-04-03 13:59:30,No Change!,NO CHANGES TO THE CONTENT!
https://agriculture.canada.ca/en/programs/agriinnovate/step-2-eligibility,2025-04-03 13:59:31,No Change!,NO CHANGES TO THE CONTENT!
https://agriculture.canada.ca/en/programs/agriinnovate/step-3-before-apply,2025-04-02 18:05:54,No Change!,NO CHANGES TO THE CONTENT!
https://agriculture.canada.ca/en/programs/agriscience-projects/step-3-before-apply,2025-04-02 18:05:55,No Change!,NO CHANGES TO THE CONTENT!
https://agriculture.canada.ca/en/programs/agriscience-projects/step-2-eligibility,2025-04-02 18:05:56,No Change!,NO CHANGES TO THE CONTENT!
https://www.cannor.gc.ca/eng/1464199651173/1464199702530,2025-04-02 18:05:56,No Change!,NO CHANGES TO THE CONTENT!
https://canadabuys.canada.ca/en,2025-04-02 18:04:21,No Change!,NO CHANGES TO THE CONTENT!
https://www.canada.ca/en/economic-development-quebec-regions.html,2025-04-02 18:05:03,TRIVIAL CHANGE!Reviewed at 04/03/2025  13:36:46,<span style='color: green;'>+Eastern Townships Business Office: Supporting SMEs by drawing on community strengths</span><br><span style='color: green;'>+The Eastern Townships Business Office supports a region that benefits from a strong entrepreneurial culture and the buzz around the Université de Sherbrooke.</span><br><span style='color: red;'>-Innovative Vehicle Institute: Always at the cutting edge!</span><br><span style='color: red;'>-Discover how the IVI is positioning itself as a leader in decarbonizing transportation.</span><br><span style='color: red;'>-<b style='color: black;'>2025</b>-<b style='color: black;'>03</b>-<b style='color: black;'>21</b></span><br><span style='color: green;'>+<b style='color: black;'>2025</b>-<b style='color: black;'>04</b>-<b style='color: black;'>01</b></span>
https://eco.ca/environmental-employers/employment-and-wage-subsidies/environmental-employability-pathways,2025-04-02 18:05:57,No Change!,NO CHANGES TO THE CONTENT!
www.test.io,2025-04-02 18:00:48,No Change!,NO CHANGES TO THE CONTENT!
https://cib-bic.ca/en/zero-emission-buses-initiative/,2025-04-02 18:01:38,No Change!,NO CHANGES TO THE CONTENT!
https://www.nrcan.gc.ca/climate-change-adapting-impacts-and-reducing-emissions/canadas-green-future/clean-fuels-fund/clean-fuels-fund-establishing-biomass-supply-chains/23731,2025-04-02 18:03:12,TRIVIAL CHANGE!Reviewed at 04/03/2025  13:38:05,<span style='color: green;'>+Give feedback about this page</span><br><span style='color: green;'>+Did you find what you were looking for?</span><br><span style='color: green;'>+Yes No</span>
https://www.nrcan.gc.ca/science-and-data/funding-partnerships/funding-opportunities/current-funding-opportunities/emissions-reduction-fund/offshore-deployment-program-emissions-reduction-fund/23114,2025-04-02 18:03:41,No Change!,NO CHANGES TO THE CONTENT!
